model_name,brand,processor_name,ram(GB),ssd(GB),Hard Disk(GB),Operating System,graphics,screen_size(inches),resolution (pixels),no_of_cores,no_of_threads,price
Lenovo V15 ITL G2 82KBA033IH Laptop,Lenovo,11th Gen Core i3,8,512,0,Windows,Intel Integrated UHD,15.6,1920 x 1080,2,4,33921
Lenovo V15 82KBA03HIH Laptop,Lenovo,11th Gen Core i3,8,256,1000,Windows,Intel Integrated UHD,15.6,1920 x 1080,2,4,35499
Asus Vivobook 16X 2022 M1603QA-MB502WS Laptop,Asus,Ryzen 5-5600H,8,512,0,Windows,AMD Radeon Vega 7,16.0,1200 x 1920,6,12,48990
Lenovo IdeaPad Gaming 3 82K101ECIN Laptop,Lenovo,11th Gen Core i5,8,256,1000,Windows,4 GB NVIDIA GeForce GTX 1650,15.6,1920 x 1080,4,8,56700
Dell Inspiron 3520 Laptop,Dell,12th Gen Core i3,8,512,0,Windows,Intel UHD Graphics,15.6,1920 x 1080,6,8,44087
Asus Vivobook Pro 15 OLED M6500QH-HN701WS Laptop,Asus,Ryzen 7 5800H,16,512,0,Windows,4 GB NVIDIA GeForce GTX 1650,15.6,1920 x 1080,8,16,65990
Dell Inspiron 3520 D560871WIN9B Laptop,Dell,12th Gen Core i5,8,512,0,Windows,Intel UHD Graphics,15.6,1920 x 1080,10,12,57223
Asus TUF Gaming A15 FA506IHRZ-HN111W Laptop,Asus,AMD Ryzen 5 4600H,8,512,0,Windows,4 GB NVIDIA GeForce GTX 1650,15.6,1920 x 1080,6,12,49990
Asus Vivobook 16X 2022 M1603QA-MB511WS Laptop,Asus,Ryzen 5-5600H,16,512,0,Windows,AMD Radeon Vega 7 Graphics,16.0,1920 x 1200,6,12,53990
Asus VivoBook 14 X415JA-BV301WS Laptop,Asus,10th Gen Core i3,8,0,1000,Windows,Intel UHD Graphics,14.0,1920 x 1080,2,4,29890
HP 15s-fq2717TU Laptop,HP,11th Gen Core i3,8,512,0,Windows,Intel Integrated UHD,15.6,1920 x 1080,2,4,41900
Lenovo V15 ‎82C70005UK Laptop,Lenovo,AMD Ryzen 5 5500U,8,512,0,Windows,AMD Radeon Graphics,15.6,1920 x 1080,6,12,38480
Lenovo V15 82KDA00XIH Laptop,Lenovo,AMD Ryzen 5 5500U,8,512,0,Windows,AMD Radeon Graphics,15.6,1920 x 1080,6,12,38489
Asus VivoBook 15 X1500EA-EJ322WS Laptop,Asus,11th Gen Core i3,8,512,0,Windows,Intel UHD Graphics,15.6,1920 x 1080,2,4,35978
HP Victus 15-fa0165TX Laptop,HP,12th Gen Core i5,8,512,0,Windows,4 GB NVIDIA GeForce GTX 1650,15.6,1920 x 1080,8,12,69990
HP 15s-FR2511TU Laptop,HP,11th Gen Core i3,8,512,0,Windows,Intel UHD Graphics,15.6,1920 x 1080,2,4,40880
Asus TUF Gaming A17 FA706IHRB-HX041W Gaming Laptop,Asus,AMD Ryzen 5 4600H,8,512,0,Windows,4 GB NVIDIA GeForce GTX 1650,17.3,1920 x 1080,6,12,52990
HP Pavilion 15-eg2009TU Laptop,HP,12th Gen Core i5,8,512,0,Windows,Intel Iris Xe,15.6,1920 x 1080,12,16,62990
HP 15s- eq2212AU Laptop,HP,AMD Ryzen 3 5300U,8,512,0,Windows,AMD Radeon Graphics,15.6,1920 x 1080,4,8,37990
HP Victus 15-fa0070TX Laptop,HP,12th Gen Core i5,8,512,0,Windows,4 GB NVIDIA GeForce GTX 1650,15.6,1920 x 1080,8,12,67990
Asus Vivobook S15 OLED K3502ZA-L501WS Laptop,Asus,12th Gen Core i5,16,512,0,Windows,Intel Iris XE Graphics,15.6,1920 x 1080,12,16,73000
Asus VivoBook 15 X1500EA-EJ701W Laptop,Asus,11th Gen Core i7,16,512,0,Windows,Intel Iris Xe Graphics,15.6,1920 x 1080,4,8,56799
Asus Vivobook Pro 14 OLED M3400QA-KM502WS Gaming Laptop,Asus,Ryzen 5 5600H,8,512,0,Windows,AMD Radeon Graphics,14.0,2880 x 1800,6,12,53000
HP Pavilion x360 14-ek0074TU Laptop,HP,12th Gen Core i5,16,512,0,Windows,Intel Integrated Iris Xe,14.0,1920 x 1080,10,12,73490
Lenovo IdeaPad Gaming 3 82K201UEIN Laptop,Lenovo,AMD Ryzen 5-5600H,8,512,0,Windows,4 GB NVIDIA GeForce GTX 1650,15.6,1920 x 1080,6,12,58490
Asus TUF Gaming A15 FA506IHRZ-HN111W Laptop,Asus,AMD Ryzen 5 4600H,8,512,0,Windows,4 GB NVIDIA GeForce GTX 1650,15.6,1920 x 1080,6,12,54990
HP Victus 15-fb0050AX Gaming Laptop,HP,AMD Ryzen 5 5600H,8,512,0,Windows,4 GB NVIDIA GeForce RTX 3050,15.6,1920 x 1080,6,12,67600
Asus Vivobook 15 2022 X1502ZA-EJ312WS Laptop,Asus,12th Gen Core i3,8,512,0,Windows,Intel Iris Xe,15.6,1920 x 1080,10,12,42300
MSI Thin GF63 11SC-852IN Gaming Laptop,MSI,11th Gen Core i7,8,512,0,Windows,4 GB NVIDIA GeForce GTX 1650 MAX Q,15.6,1920 x 1080,8,16,64000
Nokia PureBook S14 NKi511TL165S Laptop,Nokia,11th Gen Core i5,16,512,0,Windows,Intel Integrated Iris Xe,14.1,1920 x 1080,4,8,40990
Samsung Galaxy Book 3 Pro 14 NP940XFG-KC5IN Laptop,Samsung,13th Gen Core i7,16,1000,0,Windows,‎Intel Iris Xe Graphics,14.0,2880 x 1800,12,16,155990
Samsung Galaxy Book 3 Pro 14 NP940XFG-KC1IN Laptop,Samsung,13th Gen Core i5,16,512,0,Windows,‎Intel Iris Xe Graphics,14.0,2880 x 1800,12,16,131990
Samsung Galaxy Book 3 360 15 NP750QFG-KA2IN Laptop,Samsung,13th Gen Core i5,16,512,0,Windows,Intel Iris Xe Graphics,15.6,1920 x 1080,12,16,114990
Samsung Galaxy Book 3 360 13 NP730QFG-KA1IN Laptop,Samsung,13th Gen Core i5,16,512,0,Windows,Intel Iris Xe Graphics,13.3,1920 x 1080,10,12,109990
Samsung Galaxy Book 3 360 13 NP730QFG-KA3IN Laptop,Samsung,13th Gen Core i7,16,1000,0,Windows,Intel Iris Xe Graphics,13.3,1920 x 1080,10,12,133990
Samsung Galaxy Book 3 Pro 360 NP960QFG-KA1IN Laptop,Samsung,13th Gen Core i7,16,512,0,Windows,Intel Iris Xe Graphics,16.0,2880 x 1800,12,16,163990
Dell Inspiron 3525 D560789WIN9S Laptop,Dell,AMD Ryzen 5-5625U,8,512,0,Windows,AMD Radeon Radeon Graphics,15.6,1920 x 1080,6,12,49441
HP Pavilion 15s-eq2182AU Laptop,HP,Ryzen 5 5500U,16,512,0,Windows,AMD Radeon Graphics,15.6,1920 x 1080,6,12,49123
Samsung Galaxy Book2 Pro 360 15 Laptop,Samsung,12th Gen Core i7,16,512,0,Windows,Intel Iris Xe Graphics,15.6,1080 x 1920,8,16,129990
Dell Vostro 3510 Laptop,Dell,11th Gen Core i3,8,256,1000,Windows,Intel UHD Graphics,15.6,1920 x 1080,2,4,37990
HP 14s-fq1092au Laptop,HP,Ryzen 5 5500U,8,512,0,Windows,AMD Radeon AMD,14.0,1920 x 1080,6,12,46058
HP 245 G8 689T3PA Laptop,HP,AMD Ryzen 3 3250U,8,512,0,Windows,AMD Radeon Graphics,14.0,1366 x 768,2,4,27989
Lenovo IdeaPad 3i ‎82RJ005BUS Laptop,Lenovo,12th Gen Core i5,8,256,0,Windows,Intel iris Xe Integrated,14.0,1920 x 1080,10,12,49990
Lenovo IdeaPad Gaming 3 15IHU6 82K101GSIN Laptop,Lenovo,11th Gen Core i5,8,512,0,Windows,4 GB NVIDIA GeForce GTX 1650,15.6,1920 x 1080,4,8,54990
Dell Latitude 3430 Laptop,Dell,12th Gen Core i5,8,512,0,Windows,Intel Iris Xe Graphics,14.0,1366 x 768,10,12,108000
HP Pavilion 15-eg2018TX Laptop,HP,12th Gen Core i5,16,512,0,Windows,2 GB NVIDIA GeForce MX550,15.6,1920 x 1080,10,12,75070
Lenovo IdeaPad Gaming 3 15IAH7 82S900R6IN Laptop,Lenovo,12th Gen Core i5,16,512,0,Windows,4 GB NVIDIA GeForce RTX 3050,15.6,1920 x 1080,8,12,80990
Acer Predator Helios 300 PH315-55 Gaming Laptop,Acer,12th Gen Core i9,16,1000,0,Windows,6 GB NVIDIA GeForce RTX 3060,15.6,2560 x 1440,14,20,158990
Asus TUF Dash F15 2022 FX517ZC-HN108WS Gaming Laptop,Asus,12th Gen Core i7,16,1000,0,Windows,4 GB NVIDIA GeForce RTX 3050,15.6,1920 x 1080,10,16,95990
Asus VivoBook 15 X515EA-EJ522WS Laptop,Asus,11th Gen Core i5,8,512,0,Windows,Intel Integrated Iris Xe,15.6,1920 x 1080,4,8,46990
HP 14s-dy2507TU Laptop,HP,11th Gen Core i3,8,256,0,Windows,Intel Integrated UHD Graphics,14.0,1920 x 1080,2,4,35490
Asus TUF Gaming F15,Asus,2022) FX507ZE-HN038W Gaming Laptop ,16,512,0,Windows,4 GB NVIDIA GeForce RTX 3050-Ti,15.6,1920 x 1080,14,20,94990
Acer Nitro 5 AN515-56 Gaming Laptop,Acer,11th Gen Core i5,16,512,0,Windows,4 GB NVIDIA GeForce GTX 1650,15.6,1920 x 1080,6,12,62990
HP Pavilion 15-eg2039TU Laptop,HP,12th Gen Core i7,16,1000,0,Windows,Intel Integrated Iris Xe,15.6,1920 x 1080,12,16,85990
HP Pavilion 14-dv2041TU Laptop,HP,12th Gen Core i5,16,512,0,Windows,Intel Iris Xe Graphics,14.0,1920 x 1080,10,12,71990
Acer Aspire 3 A315-58 Laptop,Acer,11th Gen Core i5,8,512,0,Windows,Intel Iris Xe,15.6,1920 x 1080,4,8,43490
HP Pavilion 15-EC2048AX Gaming Laptop,HP,Ryzen 5 5600H,8,512,0,Windows,4 GB NVIDIA GeForce RTX 3050Ti,15.6,1920 x 1080,6,12,69028
HP Victus 16-e0162AX Gaming Laptop,HP,Ryzen 5 5600H,8,512,0,Windows,4 GB AMD Radeon RX 5500M,16.1,1920 x 1080,6,12,61490
Dell Inspiron 3511 Laptop,Dell,11th Gen Core i5,8,512,0,Windows,2 GB NVIDIA GeForce MX350,15.6,1920 x 1080,4,8,59306
Dell Latitude 5420 Laptop,Dell,11th Gen Core i5,8,256,0,Windows,Intel Iris Xe Graphics,14.0,1920 x 1080,4,8,74500
HP Pavilion 15-DK2100TX Gaming Laptop,HP,11th Gen Core i5,8,256,1000,Windows,4 GB NVIDIA GeForce GTX 1650,15.6,1920 x 1080,4,8,66990
Dell Inspiron 5518 Laptop,Dell,11th Gen Core i5,16,512,0,Windows,Intel Iris Xe Graphics,15.6,1920 x 1080,4,8,67990
Xiaomi Mi Notebook Pro 14 Laptop,Xiaomi,11th Gen Core i5,16,512,0,Windows,Intel Iris Xe Graphics,14.0,2560 x 1600,4,8,58355
HP EliteBook 840 G6,HP,8LX79PA) Laptop ,8,512,0,Windows,Integrated UHD Graphics 620,14.0,1920 x 1080,4,8,90464
HP 15s-eq2146AU Laptop,HP,Ryzen 3 5300U,8,256,0,Windows,AMD Radeon Graphics,15.6,1920 x 1080,4,8,40490
Lenovo V15 82KDA01UIH Laptop,Lenovo,AMD Ryzen 3 5300U,8,512,0,DOS,AMD Radeon Graphics,15.6,1920 x 1080,4,8,32990
Lenovo Yoga 9i 83B1002GIN Laptop,Lenovo,13th Gen Core i7,16,1000,0,Windows,Intel Iris Xe Integrated Graphics,14.0,3840 x 2400,12,16,174990
Lenovo V15 82KDA00YIH Laptop,Lenovo,AMD Ryzen 5 5500U,8,512,0,DOS,AMD Radeon Graphics,15.6,1920 x 1080,6,12,42137
Lenovo V15 82KBA01KIH Laptop,Lenovo,11th Gen Core i5,8,512,0,DOS,Intel Integrated UHD,15.6,1920 x 1080,4,8,52500
HP 255 G8 Business Laptop,HP,Athlon 3050U,8,0,1000,Windows,AMD Radeon Graphics,15.6,1366 x 768,2,2,27390
Asus VivoBook 14 X415EA-EK522WS Laptop,Asus,11th Gen Core i5,8,512,0,Windows,Intel Integrated Intel UHD,14.0,1920 x 1080,4,8,49490
Dell Alienware M15 R7 Gaming Laptop,Dell,12th Gen Core i7,16,512,0,Windows,6 GB NVIDIA GeForce RTX 3060,15.6,1920 x 1080,14,20,168990
Asus Vivobook 15 2022 X1502ZA-EJ514WS Laptop,Asus,12th Gen Core i5,8,512,0,Windows,Intel Iris Xe,15.6,1920 x 1080,10,12,56990
Dell G15-5521 D560897WIN9S Gaming Laptop,Dell,12th Gen Core i9,16,1000,0,Windows,8 GB NVIDIA GEFORCE RTX 3070 Ti,15.6,2560 x 1440,14,20,138990
HP ProBook 440 G8 Laptop,HP,11th Gen Core i5,8,512,0,Windows,Intel Iris Xe Graphics,14.0,1366 x 768,4,8,51990
Lenovo Legion 5 82RB00K8IN Laptop,Lenovo,12th Gen Core i7,16,1000,0,Windows,6 GB NVIDIA GeForce RTX 3060,15.6,2560 x 1600,14,20,141990
Dell Inspiron 3520 D560879WIN9S Laptop,Dell,12th Gen Core i5,16,512,0,Windows,Intel Iris Xe Graphics,15.6,1920 x 1080,10,12,65990
Asus Vivobook Pro 15 OLED M3500QC-L1461WS Gaming Laptop,Asus,AMD Ryzen 5 5600H,16,512,0,Windows,4 GB NVIDIA GeForce RTX 3050,15.6,1920 x 1080,6,12,98500
Asus TUF Gaming A15 2022 FA506QM-HN008W Gaming Laptop,Asus,AMD Ryzen 7 5800H,16,512,0,Windows,6 GB NVIDIA GeForce RTX 3060,15.6,1920 x 1080,8,16,89990
Lenovo V15 G2-ITL Business Laptop,Lenovo,11th Gen Core i5,8,512,0,Windows,Intel Integrated UHD,15.6,1920 x 1080,4,8,48999
Lenovo IdeaPad Gaming 3 82K1019BIN Laptop,Lenovo,11th Gen Core i5,16,512,0,Windows,4 GB NVIDIA GeForce RTX 3050,15.6,1920 x 1080,4,8,68989
MSI Thin GF63 12HW-004IN Gaming Laptop,MSI,12th Gen Core i5,8,512,0,Windows,Intel Integrated ARC,15.6,1920 x 1080,12,16,54990
Lenovo IdeaPad Gaming 3 82SA00B2IN Laptop,Lenovo,12th Gen Core i7,16,512,0,Windows,6 GB NVIDIA GeForce RTX 3060,16.0,1920 x 1200,14,20,105990
MSI Pulse GL66 12UEK-898IN Gaming Laptop,MSI,12th Gen Core i9,16,1000,0,Windows,6 GB NVIDIA GeForce RTX 3060,15.6,2560 x 1440,14,20,135000
MSI Vector GP66 12UEO-646IN Gaming Laptop,MSI,12th Gen Core i7,16,1000,0,Windows,6 GB NVIDIA GeForce RTX 3060,15.6,1920 x 1080,14,20,134000
MSI Modern 14 B5M-242IN Laptop,MSI,Ryzen 5 5500U,8,512,0,Windows,AMD Radeon Radeon,14.0,1920 x 1080,6,12,44290
HP Envy x360 13-bf0059TU Laptop,HP,12th Gen Core i7,16,512,0,Windows,Intel Iris X Graphics,13.3,2880 x 1800,10,12,102123
Dell Vostro 3425 D552305WIN9BE Laptop,Dell,AMD Ryzen 3 5425U,8,256,0,Windows,AMD Radeon AMD,14.0,1920 x 1080,4,8,38663
HP Pavilion 15s-FR5007TU Laptop,HP,12th Gen Core i5,8,512,0,Windows,Intel Iris Xe,15.6,1920 x 1080,10,12,59490
Lenovo Ideapad Slim 3i 81WQ00NXIN Laptop,Lenovo,Intel Celeron N4020,8,256,0,Windows,Intel Integrated UHD,15.6,1366 x 768,2,2,28980
Asus Vivobook Pro 15 OLED M6500IH-L1701WS Laptop,Asus,Ryzen 7-4800H,16,512,0,Windows,4 GB NVIDIA GeForce GTX 1650 Max Q,15.6,1920 x 1080,8,16,64990
Lenovo Ideapad Gaming 3 82K201UKIN Laptop,Lenovo,Ryzen 7 5800H,8,512,0,Windows,4 GB NVIDIA GeForce RTX 3050,15.6,1920 x 1080,8,16,77850
MSI Thin GF63 11UC-867IN Gaming Laptop,MSI,11th Gen Core i5,8,512,0,Windows,4 GB NVIDIA GeForce RTX 3050,15.6,1920 x 1080,6,12,56990
Acer Aspire 3 A315-23 UN.HVTSI.013 Laptop,Acer,Ryzen 3 3250U,8,256,0,Windows,AMD Radeon AMD,15.6,1920 x 1200,2,4,26990
HP 15s-du3614TU Laptop,HP,11th Gen Core i3,8,256,1000,Windows,Intel Integrated UHD,15.6,1920 x 1080,2,4,40390
Dell Inspiron 3525 Laptop,Dell,AMD Ryzen3 5425U,8,512,0,Windows,AMD Radeon Radeon Graphics,15.6,1920 x 1080,4,8,40663
Acer Predator Helios 500 Ph517-52 Gaming Laptop,Acer,11th Gen Core i9,64,2000,1000,Windows,16 GB NVIDIA GeForce RTX 3080,17.3,3840 x 2160,8,16,432159
Lenovo IdeaPad Slim 3 82H701DNIN Laptop,Lenovo,11th Gen Core i3,8,512,0,Windows,Intel UHD Graphics,14.0,1920 x 1080,2,4,37700
HP Pavilion 14-eh0024TU Laptop,HP,12th Gen Core i7,16,1000,0,Windows,Intel Iris Xe Graphics,14.0,2880 x 1800,14,20,91990
HP 15s-fq2671TU Laptop,HP,11th Gen Core i3,8,512,0,Windows,Intel Integrated UHD,15.6,1920 x 1080,2,4,41500
Lenovo IdeaPad Slim 3 82RK006DIN Laptop,Lenovo,12th Gen Core i3,8,512,0,Windows,‎Intel UHD Graphics,15.6,1920 x 1080,6,8,43999
Lenovo IdeaPad Gaming 3 82K101B7IN Laptop,Lenovo,11th Gen Core i5,16,256,1000,Windows,4 GB NVIDIA GeForce RTX 3050,15.6,1920 x 1080,4,8,77750
Dell Inspiron 7420 Laptop,Dell,12th Gen Core i5,8,512,0,Windows,Intel Iris Xe Graphics,14.0,1920 x 1200,10,12,74990
Asus ROG Strix G15 G513IE-HN040WS Gaming Laptop,Asus,Ryzen 7 4800H,16,1000,0,Windows,4 GB NVIDIA GeForce RTX 3050 Ti,15.6,1920 x 1080,8,16,85990
HP 255 G8 62Y23PA Laptop,HP,Ryzen 3 3250U,8,512,0,Windows,AMD Radeon Vega 8 Graphics,15.6,1920 x 1080,2,4,32083
Asus Vivobook 16X 2022 M1603QA-MB711WS Laptop,Asus,Ryzen 7-5800H,16,512,0,Windows,AMD Radeon Vega 7,16.0,1920 x 1200,8,16,66990
HP Pavilion 15-eg2036TU Laptop,HP,12th Gen Core i5,16,512,0,Windows,Intel Integrated Iris Xe,15.6,1920 x 1080,12,16,69990
Asus Vivobook Pro 14 OLED M3400QA-KM702WS Gaming Laptop,Asus,Ryzen 7 5800H,16,512,0,Windows,AMD Radeon Graphics,14.0,2880 x 1800,8,16,64990
Acer Aspire Vero AV15-51-5155 Laptop,Acer,11th Gen Core i5,16,512,0,Windows,Intel Integrated Iris Xe,15.6,1920 x 1080,4,8,54990
HP Pavilion 14-dv2053TU Laptop,HP,12th Gen Core i5,8,512,0,Windows,Intel Iris Xe Graphics,14.0,1920 x 1080,10,12,62278
HP Pavilion 15s-FQ5009TU Laptop,HP,12th Gen Core i5,8,512,0,Windows,Intel Iris Xe,15.6,1920 x 1080,10,12,60500
Samsung Galaxy Book2 Laptop,Samsung,12th Gen Core i5,8,512,0,Windows,4 GB Intel Arc A350M Graphics,15.6,1920 x 1080,12,16,79990
Dell Inspiron 5520 Laptop,Dell,12th Gen Core i5,16,512,0,Windows,4 GB NVIDIA GeForce RTX 3050,15.6,1920 x 1080,12,16,79990
Asus Vivobook S14 OLED S3402ZA-KM501WS Laptop,Asus,12th Gen Core i5,16,512,0,Windows,Intel Iris Xe Graphics,14.0,2880 x 1800,12,16,70990
HP Pavilion 15-EG2019TX Laptop,HP,12th Gen Core i5,16,512,0,Windows,2 GB NVIDIA GeForce MX550,15.6,1920 x 1080,10,12,78200
Samsung Galaxy Book2 15 Laptop,Samsung,12th Gen Core i5,8,512,0,Windows,Intel Iris Xe Graphics,15.6,1920 x 1080,10,12,64490
Lenovo IdeaPad 3 81WQ00MQIN Laptop,Lenovo,Celeron N4020,8,256,0,Windows,Intel Integrated UHD,15.6,1366 x 768,2,2,26585
Asus TUF Gaming A15 2021 FA506QM-HN124W Laptop,Asus,Ryzen 9 5900HX,16,512,0,Windows,6 GB NVIDIA GeForce RTX 3060,15.6,1920 x 1080,8,16,98900
HP 240 G8 Laptop,HP,11th Gen Core i5,8,512,0,Windows,Intel Integrated,14.0,1366 x 768,4,8,60618
HP Pavilion 14-ec1003AU Laptop,HP,Ryzen 5,8,512,0,Windows,AMD Radeon Graphics,14.0,1920 x 1080,6,12,51990
Lenovo IdeaPad 3 82H801L7IN,Lenovo,11th Gen Core i3,8,512,0,Windows,Intel Integrated UHD,15.6,1920 x 1080,2,4,37952
HP Pavilion 15-EC2145AX Gaming Laptop,HP,Ryzen 5 5600H,8,512,0,Windows,4 GB NVIDIA GeForce GTX 3050,15.6,1920 x 1080,6,12,64990
HP Pavilion 15-ec2150AX Laptop,HP,Ryzen 5 5600H,8,512,0,Windows,4 GB NVIDIA GeForce GTX 1650,15.6,1920 x 1080,6,12,59910
Asus Vivobook X415EA-EB372WS Laptop,Asus,11th Gen Core i3,8,256,1000,Windows,Intel UHD Graphics,14.1,1920 x 1080,2,4,38990
HP Pavilion 15-dk2095TX Gaming Laptop,HP,11th Gen Core i5,8,512,0,Windows,4 GB NVIDIA GeForce GTX 1650,15.6,1920 x 1080,4,8,61990
HP Pavilion 15-ec2008AX Gaming Laptop,HP,Ryzen 5 5600H,8,512,0,Windows,4 GB NVIDIA GeForce GTX 1650,15.6,1920 x 1080,6,12,58635
MSI Bravo 15 B5DD-043IN Gaming Laptop,MSI,Ryzen 5 5600H,8,512,0,Windows,4 GB AMD Radeon RX5500M,15.6,1920 x 1080,6,12,58500
Xiaomi RedmiBook e-Learning Edition,Xiaomi,11th Gen Core i3,8,256,0,Windows,Intel UHD Graphics,15.6,1920 x 1080,2,4,30990
Asus ROG Flow X13 GV301QH-K5462TS Gaming Laptop,Asus,AMD Ryzen 9,16,1000,0,Windows,4 GB NVIDIA GeForce GTX 1650,13.4,3840 x 2400,8,16,105990
Lenovo Yoga 9i 82BG005JIN Laptop,Lenovo,11th Gen Core i7,16,1000,0,Windows,Intel Iris Xe Graphics,14.0,3840 x 2160,4,8,172990
Dell Inspiron 3501 Laptop,Dell,11th Gen Core i5,8,256,1000,Windows,Intel Iris Xe Graphics,15.6,1920 x 1080,4,8,61640
Dell Latitude 5320 2-in-1 Laptop,Dell,11th Gen Core i5,16,256,0,Windows,Intel UHD Graphics,13.3,1920 x 1080,4,8,87999
Asus VivoBook 15 X1500EA-EJ3381WS Laptop,Asus,11th Gen Core i3,8,512,0,Windows,Intel UHD Graphics,15.6,1920 x 1080,2,4,39400
HP Envy x360 15-ew0037TU Laptop,HP,12th Gen Core i5,16,512,0,Windows,Intel Integrated Iris Xe,15.6,1920 x 1080,10,12,82999
HP Victus 15-fb0777AX Gaming Laptop,HP,AMD Ryzen 5 5600H,8,512,0,Windows,4 GB AMD Radeon RX 6500M Graphics,15.6,1920 x 1080,6,12,70816
Dell G15-5520 D560897WIN9S Laptop,Dell,12th Gen Core i9,16,1000,0,Windows,6 GB NVIDIA GeForce RTX 3060,15.6,1920 x 1080,14,20,149899
Lenovo Legion 5 Pro 82RG00ELIN Laptop,Lenovo,AMD Ryzen 7 6800H,16,1000,0,Windows,6 GB NVIDIA GeForce RTX 3060,16.0,2560 x 1600,8,16,159990
MSI Pulse GL66 12UGSZOK Gaming Laptop,MSI,12th Gen Core i9,16,1000,0,Windows,8 GB NVIDIA GeForce RTX 3070Ti,15.6,2560 x 1440,14,20,209000
HP Envy x360 15-ew0043TU 2-in-1 Laptop,HP,12th Gen Core i5,16,512,0,Windows,Intel Iris Xe Graphics,15.6,1920 x 1080,10,12,99999
HP Envy x360 15-ew0047TU 2-in-1 Laptop,HP,12th Gen Core i7,16,512,0,Windows,Intel Iris X Graphics,15.6,1920 x 1080,10,12,116000
HP 245 G8 ‎6E3Z1PA Laptop,HP,AMD Ryzen 3 3250U,8,512,0,DOS,AMD Radeon Graphics,14.0,1366 x 768,2,4,36000
HP 15s-du3612TU Laptop,HP,11th Gen Core i3,8,256,1000,Windows,Intel Integrated UHD,15.6,1920 x 1080,2,4,41990
Dell Inspiron 3520 Laptop,Dell,12th Gen Core i5,8,512,0,Windows,Intel Iris Xe Graphics,15.6,1920 x 1080,10,12,62029
Dell G15-5520 Gaming Laptop,Dell,12th Gen Core i5,8,512,0,Windows,4 GB NVIDIA GeForce RTX 3050,15.6,1920 x 1080,12,16,79990
HP Pavilion 14-ec1005AU Laptop,HP,Ryzen 5 5625U,16,512,0,Windows,AMD Radeon Graphics,14.0,1920 x 1080,6,12,59815
HP Envy x360 13-bf0121TU  Laptop,HP,12th Gen Core i5,16,512,0,Windows,Intel Integrated Iris Xe,13.4,1920 x 1200,10,12,79990
Dell Vostro 3520 Laptop,Dell,12th Gen Core i5,8,512,0,Windows,Intel Iris Xe Graphics,15.6,1920 x 1080,10,12,60070
Asus ROG Zephyrus G15 GA503RMZ-LN155WS Gaming Laptop,Asus,AMD Ryzen 7 6800HS,16,1000,0,Windows,6 GB NVIDIA GeForce RTX 3060,15.6,2560 x 1440,8,16,157990
Dell Vostro 3420 Laptop,Dell,12th Gen Core i5,8,512,0,Windows,Intel UHD Graphics,14.0,1920 x 1080,10,12,57990
Dell Vostro 3525 Laptop,Dell,AMD Ryzen 5-5625U,8,512,0,Windows,AMD Radeon Radeon Graphics,15.6,1920 x 1080,6,12,51499
Dell Vostro 3420 Laptop,Dell,12th Gen Core i3,8,512,0,Windows,Intel UHD Graphics,14.0,1920 x 1080,6,8,43990
MSI Modern 15 B12M Laptop,MSI,12th Gen Core i7,16,512,0,Windows,Intel Integrated Iris Xe,15.6,1920 x 1080,10,12,67990
HP 240 G8 Business Laptop,HP,11th Gen Core i5,8,512,0,Windows,Intel Integrated,14.0,1366 x 768,4,8,52999
Acer Aspire 5 A515-57 2022 Laptop,Acer,12th Gen Core i5,16,512,0,Windows,Intel Iris Xe Graphic,15.6,1920 x 1080,10,12,61990
HP Pavilion x360 14-ek0137TU Laptop,HP,12th Gen Core i3,8,512,0,Windows,Intel Integrated UHD,14.0,1920 x 1080,6,8,59990
Lenovo IdeaPad Flex 5 14ALC7 82R9006PIN Laptop,Lenovo,AMD Ryzen 5 5500U,16,512,0,Windows,AMD Radeon,14.0,1920 x 1200,6,12,72690
Asus Vivobook 14 OLED UX3402ZA-KN531WS Laptop,Asus,12th Gen Core i5,16,512,0,Windows,Intel Iris Xe,14.0,2880 x 1800,12,16,95980
Lenovo Legion S7 82TF007LIN Gaming Laptop,Lenovo,12th Gen Core i7,16,1000,0,Windows,4 GB NVIDIA GeForce RTX 3050 Ti,16.0,2560 x 1600,14,20,149990
Acer Aspire 5 A515-57 NX.K2VSI.002 Laptop,Acer,12th Gen Core i3,8,512,0,Windows,Intel Integrated UHD,15.6,1920 x 1080,6,8,42990
MSI Stealth GS66 12UGS-290IN Gaming Laptop,MSI,12th Gen Core i7,32,1000,0,Windows,8 GB NVIDIA GeForce RTX 3070Ti,15.6,2560 x 1440,14,20,288990
Lenovo IdeaPad Slim 3 82H802XXIN Laptop,Lenovo,11th Gen Core i5,16,512,0,Windows,Intel UHD Graphics,15.6,1920 x 1080,4,8,59290
Gigabyte G5 ME RC55ME Laptop,Gigabyte,12th Gen Core i5,16,512,0,Windows,4 GB NVIDIA GeForce RTX 3050 TI,15.6,1920 x 1080,12,16,85990
Dell Inspiron 7420 D560918WIN9S Laptop,Dell,12th Gen Core i5,8,512,0,Windows,Intel Integrated UHD,14.0,1920 x 1080,10,12,74990
Acer Nitro 5 AN515-45 UN.QCLSI.006 Gaming Laptop,Acer,AMD Ryzen 5 5600H,8,512,1000,Windows,4 GB NVIDIA GeForce RTX 3050,15.6,1920 x 1080,6,12,68990
Acer Nitro 5 AN515-45 UN.QBMSI.009 Gaming Laptop,Acer,AMD Ryzen 5 5600H,16,512,0,Windows,4 GB NVIDIA GeForce GTX 1650,15.6,1920 x 1080,6,12,63990
HP Envy x360 13-bf0085TU Laptop,HP,12th Gen Core i5,8,512,0,Windows,Intel Iris Xe Graphics,13.3,1920 x 1200,10,12,79990
Lenovo ThinkPad T14 20W0S1HU00 Laptop,Lenovo,11th Gen Core i7,16,512,0,Windows,2 GB NVIDIA MX450,14.0,1920 x 1080,4,8,140200
HP Pavilion 14-ek0084TU Laptop,HP,12th Gen Core i5,8,512,0,Windows,Intel Integrated Iris Xe,14.0,1920 x 1080,10,12,71020
Lenovo ThinkPad E14 G3 20Y700B5IG Laptop,Lenovo,Ryzen 7 5700U,16,512,0,Windows,AMD Raedon Graphics,14.0,1920 x 1080,8,16,74990
Lenovo V14 82KAA057IH Laptop,Lenovo,11th Gen Core i3,8,256,0,Windows,Intel Integrated UHD,14.0,1920 x 1080,2,4,32499
Lenovo ThinkPad E14 Gen 2 20TAS08F00 Laptop,Lenovo,11th Gen Core i5,8,512,0,Windows,Intel UHD,14.1,1920 x 1080,4,8,76890
Asus Vivobook 14 OLED UX3402ZA-KN731WS Laptop,Asus,12th Gen Core i7,16,512,0,Windows,Intel Iris Xe,14.0,2880 x 1800,12,16,108990
Lenovo Ideapad Slim 3 81WB01FYIN Laptop,Lenovo,10th Gen Core i3,8,256,0,Windows,Intel Integrated,15.6,1920 x 1080,2,4,33990
MSI Stealth 17M A12UE Gaming Laptop,MSI,12th Gen Core i7,16,1000,0,Windows,6 GB NVIDIA GeForce RTX 3060,17.3,1920 x 1080,14,20,149990
Dell Vostro 3420 D552278WIN9S Laptop,Dell,11th Gen Core i3,8,512,0,Windows,Intel Integrated,14.0,1920 x 1080,2,4,47000
Lenovo ‎ThinkPad E14 Gen 4 Laptop,Lenovo,12th Gen Core i5,8,512,0,Windows,Intel Iris Xe,14.0,1920 x 1080,10,12,74500
Microsoft Surface Laptop 5 ‎RBG-00048 13.5 inch,Microsoft,12th Gen Core i7,8,256,0,Windows,Intel Iris Xe,13.5,2256 x 1504,10,12,178999
Microsoft Surface Pro 9 ‎‎QIX-00031 Laptop,Microsoft,12th Gen Core i7,16,512,0,Windows,Intel Iris Xe Graphics,13.0,2880 x 1920,10,12,192990
Acer Aspire 3 A315-58 Laptop,Acer,11th Gen Core i5,12,512,0,Windows,Intel Iris Xe,15.6,1920 x 1080,4,8,49312
Asus Vivobook 15 2022 X1502ZA-EJ515WS Laptop,Asus,12th Gen Core i5,8,512,0,Windows,Intel Iris Xe,15.6,1920 x 1080,10,12,56990
Lenovo Thinkbook 14 20VD011EIH Laptop,Lenovo,11th Gen Core i7,16,512,0,Windows,Intel Iris Xe Graphics,14.0,1920 x 1080,4,8,103600
Lenovo V15 G2-ITL 82KBA034IH Laptop,Lenovo,11th Gen Core i3,8,512,0,DOS,Intel Integrated UHD,15.6,1920 x 1080,2,4,34499
Dell XPS 9315 Laptop,Dell,12th Gen Core i7 ,16,1000,0,Windows,Iris Xe,13.4,1920 x 1080,10,12,185800
Dell Inspiron 3520 Laptop,Dell,12th Gen Core i5,8,512,0,Windows,2 GB NVIDIA MX550,15.6,1920 x 1080,10,12,66111
HP 15s-fq2670TU Laptop,HP,11th Gen Core i3,8,256,0,Windows,Intel Integrated,15.6,1920 x 1080,2,4,37490
Dell G15-5525 D560898WIN9S Gaming Laptop,Dell,Ryzen 7 6800H,16,1000,0,Windows,6 GB NVIDIA GeForce RTX 3070 Ti,15.6,1920 x 1080,8,16,159200
Dell G15-5521 D560899WIN9S Gaming Laptop,Dell,12th Gen Core i9,16,1000,0,Windows,8 GB NVIDIA GEFORCE RTX 3070 Ti,15.6,2560 x 1440,14,20,181799
Dell Inspiron 7620 Laptop,Dell,12th Gen Core i7,16,512,0,Windows,2 GB NVIDIA GeForce MX550,14.5,2560 x 1440,12,16,126990
Acer Aspire 5 A515-57 Gaming Laptop,Acer,12th Gen Core i3,8,512,0,Windows,Intel Integrated,15.6,1920 x 1080,6,8,47990
Lenovo IdeaPad Slim 5 82SE005SIN Laptop,Lenovo,AMD Ryzen 5 5625U,16,512,0,Windows,AMD Radeon Graphics,15.6,1920 x 1080,6,12,59990
Asus Vivobook 14 OLED X1405ZA-KM511WS Laptop,Asus,12th Gen Core i5,16,512,0,Windows,Intel Iris Xe,14.0,2880 x 1800,10,12,69990
Lenovo ThinkPad X1 Carbon 21CB002JIG Laptop,Lenovo,12th Gen Core i7,16,1000,0,Windows,Intel Iris Xe Graphics,14.0,1920 x 1200,10,12,211990
Asus Vivobook 14 OLED X1405ZA-KM311WS Laptop,Asus,12th Gen Core i3,8,512,0,Windows,Intel Iris Xe,14.0,2880 x 1800,6,8,51990
Dell Alienware M15 R6 Gaming Laptop,Dell,11th Gen Core i7,16,512,0,Windows,6 GB NVIDIA Geforce RTX 3060,15.6,1920 x 1080,8,16,200000
Lenovo V15 82C500XHIH Laptop,Lenovo,10th Gen Core i5,8,512,0,Windows,Intel UHD Graphics,15.6,1920 x 1080,4,8,47115
Dell XPS 13 Plus Laptop,Dell,12th Gen Core i7,16,1000,0,Windows,Intel Iris Xe Graphics,13.4,3840 x 2400,12,16,195190
Lenovo IdeaPad Slim 3 82RJ005CIN Laptop,Lenovo,12th Gen Core i5,8,512,0,Windows,‎Intel Iris Xe Graphics,14.0,1920 x 1080,10,12,59990
MSI Creator Pro Z17 A12UMST-237IN Gaming Laptop,MSI,12th Gen Core i7,32,1000,0,Windows,16 GB NVIDIA GeForce RTX A5500,16.0,2560 x 1600,14,20,444990
Dell XPS 9315 Laptop,Dell,12th Gen Core i5 ,16,512,0,Windows,Iris Xe,13.4,1920 x 1080,10,12,133500
Asus Vivobook S15 OLED S3502ZA-L701WS Laptop,Asus,12th Gen Core i7,16,512,0,Windows,Intel Iris XE Graphics,15.6,1920 x 1080,14,20,87500
Acer Aspire 3 UN.HVTSI.012 Laptop,Acer,AMD Ryzen 3 3250U,8,256,0,Windows,AMD Radeon AMD,15.6,1920 x 1080,2,4,29990
Lenovo Yoga 6 82UD0069IN Laptop,Lenovo,Ryzen 5 5500U,16,512,0,Windows,AMD Radeon Graphics,13.3,1920 x 1080,6,12,78990
HP 14s-fq0567AU Laptop,HP,AMD Ryzen 3 3250U,8,256,0,Windows,AMD Radeon AMD,14.0,1920 x 1080,2,4,36990
MSI Creator Pro M16 A12UJS-601IN Gaming Laptop,MSI,12th Gen Core i7,32,1000,0,Windows,8 GB NVIDIA GeForce RTX A2000,16.0,2560 x 1600,14,20,196990
HP Omen 16-n0051AX Gaming Laptop,HP,AMD Ryzen 9 6900HX,32,1000,0,Windows,8 GB AMD Radeon RX 6650M Graphics,16.1,1920 x 1080,8,16,154990
HP Omen 16-n0054AX Gaming Laptop,HP,AMD Ryzen 7 6800H,16,1000,0,Windows,6 GB NVIDIA GeForce RTX 3060,16.1,1920 x 1080,8,16,139680
Lenovo Ideapad Flex 5 82R70068IN Laptop,Lenovo,12th Gen Core i5,8,512,0,Windows,Intel UHD,14.0,1920 x 1200,10,12,75990
HP Victus 15-fb0082AX Gaming Laptop,HP,AMD Ryzen 5 5600H,8,512,0,Windows,4 GB NVIDIA GeForce RTX 3050,15.6,1920 x 1080,6,12,71990
Lenovo V14 Gen 2 ITL 82KAA001IH Laptop,Lenovo,11th Gen Core i5,8,0,1000,DOS,Intel Integrated,14.0,1920 x 1080,4,8,49999
Lenovo ThinkPad E14 21E3S04W00 Laptop,Lenovo,12th Gen Core i5,16,512,0,Windows,Intel Iris Xe Graphics,14.0,1920 x 1080,10,12,74490
Acer One 14 Z2-493 Business Laptop,Acer,AMD Ryzen 5 3500U,16,512,0,Windows,AMD Radeon Radeon Graphics,14.0,1366 x 768,4,8,39990
HP Envy x360 13-bf0062TU Laptop,HP,12th Gen Core i7,16,512,0,Windows,Intel Iris Xe Graphics,13.3,2880 x 1800,10,12,104990
Gigabyte G5 RC45KD Laptop,Gigabyte,11th Gen Core i5,16,512,0,Windows,6 GB NVIDIA GeForce RTX 3060,15.6,1920 x 1080,6,12,87800
Lenovo IdeaPad Gaming 3 15IAH7 82S900KQIN Laptop,Lenovo,12th Gen Core i5,16,512,0,Windows,4 GB NVIDIA GeForce RTX 3050,15.6,1920 x 1080,8,12,89990
Dell Vostro 3510 2022 Laptop,Dell,11th Gen Core i3,8,512,0,Windows,Intel UHD Graphics,15.6,1920 x 1080,2,4,46300
Dell Latitude 3420 Laptop,Dell,11th Gen Core i3,16,512,0,Ubuntu,Intel UHD Graphics,14.0,1366 x 768,2,4,69500
Lenovo IdeaPad Flex 5 81X10087IN Laptop,Lenovo,10th Gen Core i3,8,512,0,Windows,Intel Integrated Iris Xe,14.0,1920 x 1080,2,4,66000
Lenovo ThinkPad E15 20TDS0TA00 Laptop,Lenovo,11th Gen Core i5,8,512,0,Windows,Intel Integrated UHD,15.6,1920 x 1080,4,8,71300
Dell Vostro 5320 Laptop,Dell,12th Gen Core i5,16,512,0,Windows,Intel Integrated UMA,13.3,2560 x 1600,12,16,78990
HP Pavilion x360 14-ek0072TU Laptop,HP,12th Gen Core i5,16,512,0,Windows,Intel Integrated Iris Xe,14.0,1920 x 1080,10,12,71999
Acer Nitro 5 AN515-46 Laptop,Acer,AMD Ryzen 5 6600H,16,512,1000,Windows,4 GB NVIDIA GeForce RTX 3050,15.6,2560 x 1440,6,12,98990
Asus TUF F15 FA507RE-HN043WS 2022 Gaming Laptop,Asus,AMD Ryzen 7 6800H,16,512,0,Windows,4 GB NVIDIA GeForce RTX 3050 Ti,15.6,1920 x 1080,8,16,89990
Acer Aspire 5 A515-45-R1YC Laptop,Acer,Ryzen 5 5500U,8,256,0,Windows,AMD Radeon,15.6,1920 x 1080,6,12,44990
Lenovo Legion 5 Pro 82RG009AIN Laptop,Lenovo,AMD Ryzen 7 6800H,16,1000,0,Windows,6 GB NVIDIA GeForce RTX 3060,16.0,2560 x 1600,8,16,159990
HP Omen 17-ck1022TX Gaming Laptop,HP,12th Gen Core i7,32,1000,0,Windows,8 GB NVIDIA GeForce RTX 3070Ti,16.1,2560 x 1440,16,24,199999
HP Envy x360 16-h0028TX Laptop,HP,12th Gen Core i7,16,512,0,Windows,Intel Iris X Graphics,13.3,3840 x 2400,10,12,143990
HP Envy 16-h0025tx Laptop,HP,12th Gen Core i9,16,1000,0,Windows,6 GB NVIDIA GeForce RTX 3060,16.0,3840 x 2160,14,20,192490
Lenovo Yoga 6 82UD0068IN 2-in-1 Laptop,Lenovo,Ryzen 7 5700U,16,512,0,Windows,AMD Radeon,13.3,1920 x 1080,8,16,80030
Lenovo V14 G2-ITL 82KAA025IH Laptop,Lenovo,11th Gen Core i3,8,0,1000,Windows,Intel Integrated UHD,14.0,1920 x 1080,2,4,51500
HP Envy x360 13-bf0063TU Laptop,HP,12th Gen Core i7,16,1000,0,Windows,Intel Iris X Graphics,13.3,2880 x 1800,10,12,109990
Dell Latitude 3420 Laptop,Dell,11th Gen Core i5,16,512,1000,Windows,Intel UHD Graphics,14.0,1366 x 768,4,8,75800
Lenovo ThinkPad X1 Yoga 20XYS00R00 Laptop,Lenovo,11th Gen Core i7,16,1000,0,Windows,Intel UHD Graphics,14.0,1920 x 1080,4,8,248890
Huawei MateBook D14 Laptop,Huawei,10th Gen Core i5,8,512,0,Windows,Intel UHD Graphics,14.0,1920 x 1080,4,8,71901
Lenovo IdeaPad Slim 5 82FG01HAIN Laptop,Lenovo,11th Gen Core i5,16,512,0,Windows,Intel Iris Xe Graphics,15.6,1920 x 1080,4,8,59990
Asus VivoBook 14 2021 X415KA-BV121WS Laptop,Asus,Intel Silver N6000,8,256,0,Windows,Intel Integrated Intel UHD,14.1,1366 x 768,4,4,28990
Huawei MateBook 14 2021‎ WDH9A Laptop,Huawei,11th Gen Core i5,8,512,0,Windows,Intel Iris Xe Graphics,14.0,2160 x 1440,4,8,100931
HP Envy x360 13-bf0078TU Laptop,HP,12th Gen Core i5,8,512,0,Windows,Intel Iris X Graphics,13.3,1920 x 1080,10,12,80990
Asus ROG Flow X16 2022 GV601RM-M5053WS Gaming Laptop,Asus,Ryzen 7 6800HS,16,1000,0,Windows,6 GB AMD Radeon Radeon 680M,16.0,2560 x 1600,8,16,187990
Lenovo Ideapad Slim 3i 82H802EYIN Laptop,Lenovo,11th Gen Core i3,8,256,0,Windows,Intel UHD Integrated Graphics,15.6,1920 x 1080,2,4,37000
Lenovo Yoga Slim 7 Pro 82NC00FRIN Laptop,Lenovo,11th Gen Core i5,16,512,0,Windows,Intel Iris Xe Graphics,14.0,2880 x 1800,4,8,74517
MSI Gaming Katana GF76 11UD-849IN Laptop,MSI,11th Gen Core i7,16,512,0,Windows,4 GB Nvidia RTX 3050 Ti,17.32,1920 x 1080,8,16,82990
MSI Gaming Katana GF66 12UE-1002IN Laptop,MSI,12th Gen Core i7,16,1000,0,Windows,6 GB Nvidia GeForce RTX 3060,15.6,1920 x 1080,14,20,105990
Acer Swift X SFX14-41G Laptop,Acer,Ryzen 5 5600U,16,512,0,Windows,4 GB NVIDIA GeForce RTX 3050,14.0,1920 x 1080,6,12,76000
Asus TUF Gaming F15 FX566HCB-HN231T Gaming Laptop,Asus,11th Gen Core i7,8,1000,0,Windows,4 GB ‎NVIDIA GeForce RTX 3050,15.6,1920 x 1080,8,16,101000
Asus ROG Flow X13 GV301RC-LJ073WS Gaming Laptop,Asus,AMD Ryzen 9 6900HS,32,1000,0,Windows,4 GB ‎NVIDIA GeForce RTX 3050,13.4,1920 x 1200,8,16,151990
Lenovo Ideapad Flex 5 14IAU7 82R7006EIN Laptop,Lenovo,12th Gen Core i3,8,512,0,Windows,Intel Integrated UHD,14.0,1920 x 1080,6,8,60990
Lenovo IdeaPad Slim 5 15ITL05 82SE0061IN Laptop,Lenovo,11th Gen Core i5,16,512,0,Windows,Intel Iris Xe Graphics,15.6,1920 x 1080,4,8,63990
Gigabyte Aero 5 KE4 OLED Laptop,Gigabyte,12th Gen Core i7,16,1000,0,Windows,6 GB NVIDIA GeForce RTX 3060,15.6,1920 x 1080,14,20,143990
MSI Crosshair 15 B12UGZ-1012IN Gaming Laptop,MSI,12th Gen Core i7,16,1000,0,Windows,8 GB NVIDIA GeForce RTX 3070,15.6,2560 x 1440,14,20,134990
MSI Crosshair 15 B12UEZ-897IN Gaming Laptop,MSI,12th Gen Core i7,16,512,0,Windows,6 GB NVIDIA GeForce RTX 3060,15.6,1920 x 1080,14,20,104990
Lenovo V15 82KDA01DIH Laptop,Lenovo,AMD Ryzen 3 5300U,8,256,0,Windows,AMD Radeon Graphics,15.6,1920 x 1080,4,8,39999
Lenovo Legion 5 82JU00SYIN Laptop,Lenovo,AMD Ryzen 7 5800H,16,1000,0,Windows,6 GB NVIDIA GeForce RTX 3060,16.0,2560 x 1600,8,16,129994
Lenovo ThinkPad T14 20W0S1C800 Laptop,Lenovo,11th Gen Core i7,16,512,0,Windows,Intel Iris Xe Graphics,14.0,1920 x 1080,4,8,142000
MSI Raider GE77HX 12UHS-205IN Gaming Laptop,MSI,12th Gen Core i9,32,2000,0,Windows,16 GB NVIDIA GeForce RTX 3080 Ti,17.3,3840 x 2160,16,24,299990
MSI Vector GP76 12UGSO-868IN Gaming Laptop,MSI,12th Gen Core i7,16,1000,0,Windows,8 GB NVIDIA GeForce RTX 3070 Ti,17.3,1920 x 1080,14,20,170990
Asus ROG Strix Scar 17 SE G733CX-LL012WS Gaming Laptop,Asus,12th Gen Core i9,32,4000,0,Windows,16 GB NVIDIA GeForce RTX 3080Ti,17.3,2560 x 1440,16,24,479990
Asus VivoBook 14 X415JA-EK324WS Laptop,Asus,10th Gen Core i3,8,512,0,Windows,Intel UHD Graphics,14.0,1920 x 1080,2,4,32749
MSI Gaming Katana GF66 12UE-262IN Laptop,MSI,12th Gen Core i7,16,1000,0,Windows,6 GB Nvidia GeForce RTX 3060,15.6,1920 x 1080,14,20,144834
Asus Vivobook S14 Flip 2022 TN3402QA-LZ501WS Laptop,Asus,AMD Ryzen 5-5600H,16,512,0,Windows,AMD Radeon Graphics,14.0,1920 x 1200,6,12,68200
Asus EeeBook E410KA-BV101WS Laptop,Asus,Pentium N6000,8,256,0,Windows,Intel Integrated UHD,14.1,1366 x 768,4,4,28990
Acer Nitro 5 AN515-45 Gaming Laptop,Acer,AMD Ryzen 5 5600H,8,512,0,Windows,4 GB NVIDIA GeForce GTX 1650,15.6,1920 x 1080,6,12,59990
Asus VivoBook Ultra K14 K413EA-EB523WS Laptop,Asus,11th Gen Core i5,16,512,0,Windows,Intel Integrated Iris Xe,14.0,1920 x 1080,4,8,60990
Xiaomi Notebook Pro 120G Laptop,Xiaomi,12th Gen Core i5,16,512,0,Windows,2 GB Nvidia MX550 Graphics,14.0,2560 x 1600,8,12,76490
HP Spectre x360 16-f1009TX Laptop,HP,12th Gen Core i7,16,1000,0,Windows,4 GB Intel Arc A370M 4GB VRAM Graphics,16.0,3840 x 2400,12,16,176990
Gigabyte Aorus 15 XE4 Gaming Laptop,Gigabyte,12th Gen Core i7,16,1000,0,Windows,8 GB NVIDIA GeForce RTX 3070Ti,15.6,2560 x 1440,14,20,179990
Acer Nitro AN515-57 Gaming Laptop,Acer,11th Gen Core i7,16,512,0,Windows,4 GB NVIDIA GeForce RTX 3050 Ti,15.6,1920 x 1080,8,16,82990
Acer Nitro 5 AN515-58 Gaming Laptop,Acer,12th Gen Core i5,16,512,0,Windows,4 GB NVIDIA GeForce RTX 3050,15.6,1920 x 1080,8,16,82990
Asus Vivobook 15 2022 X1502ZA-EZ511WS Laptop,Asus,12th Gen Core i5,16,512,0,Windows,Intel Iris Xe,15.6,1920 x 1080,12,16,64980
Asus ROG Zephyrus G15 2022 GA503RM-HQ030WS Gaming Laptop,Asus,AMD Ryzen 9 6900HS,16,1000,0,Windows,6 GB NVIDIA GeForce RTX 3060,15.6,2560 x 1440,8,16,161990
Asus Zenbook Flip 14 OLED UP5401ZA-KN711WS Laptop,Asus,12th Gen Core i7,16,1000,0,Windows,Intel Integrated Iris Xe,14.0,2880 x 1800,14,20,146490
Asus ROG Zephyrus G15 GA503RM-LN095WS Gaming Laptop,Asus,AMD Ryzen 9 6900HS,16,1000,0,Windows,6 GB NVIDIA GeForce RTX 3060,15.6,2560 x 1440,8,16,164990
Asus ProArt StudioBook Pro 16 H7600ZW-L711WS Laptop,Asus,12th Gen Core i7,32,1000,0,Windows,8 GB NVIDIA GeForce RTX 3070 Ti,16.0,3840 x 2400,14,20,238121
Gigabyte Aorus 5 KE4 Gaming Laptop,Gigabyte,12th Gen Core i7,16,1000,0,Windows,6 GB NVIDIA GeForce RTX 3060,15.6,1920 x 1080,14,20,185000
MSI Vector GP66 GP76-12UGSO Gaming Laptop,MSI,12th Gen Core i7,16,1000,0,Windows,8 GB NVIDIA GeForce RTX 3070Ti,17.3,1920 x 1080,14,20,205000
Dell Alienware x15 R2 D569941WIN9 Gaming Laptop,Dell,12th Gen Core i7,32,1000,0,Windows,8 GB NVIDIA GEFORCE RTX 3070 Ti,15.6,1920 x 1080,8,20,280490
Lenovo IdeaPad Gaming 3 15IAH7 82S900RAIN Laptop,Lenovo,12th Gen Core i5,16,512,0,Windows,4 GB NVIDIA GeForce RTX 3050,15.6,1920 x 1080,8,12,89990
Lenovo IdeaPad Gaming 3 82K201YCIN Laptop,Lenovo,AMD Ryzen 5-5600H,8,512,0,Windows,4 GB NVIDIA GeForce GTX 1650,15.6,1920 x 1080,6,12,66489
Asus ROG Strix G15 2022 G513RW-HQ149WS Gaming Laptop,Asus,AMD Ryzen 9 6900HX,16,1000,0,Windows,8 GB NVIDIA GeForce RTX 3070 Ti,15.6,2560 x 1440,8,16,174990
Asus ROG Strix G15 2022 G513RW-HQ137WS Gaming Laptop,Asus,AMD Ryzen 9 6900HX,16,1000,0,Windows,8 GB NVIDIA GeForce RTX 3070 Ti,15.6,2560 x 1440,8,16,174990
HP Victus 15-fa0351TX Laptop,HP,12th Gen Core i7,8,512,0,Windows,4 GB NVIDIA GeForce RTX 3050,15.6,1920 x 1080,10,16,88570
HP 15s-eq1561AU Laptop,HP,AMD Ryzen 3 3250U,8,256,0,Windows,AMD Radeon Radeon,15.6,1366 x 768,2,4,29997
Asus TUF Gaming F15 FX506HC-HN119W Gaming Laptop,Asus,11th Gen Core i5,8,1000,0,Windows,4 GB NVIDIA GeForce RTX 3050,15.6,1920 x 1080,6,12,85990
Lenovo Thinkpad P15s 20W7S1H800 Laptop,Lenovo,11th Gen Core i7,32,1000,0,Windows,4 GB  Nvidia Quadro T500,15.6,1920 x 1080,4,8,168500
Asus Vivobook S14 Flip 2022 TN3402QA-LZ511WS Laptop,Asus,AMD Ryzen 5-5600H,16,512,0,Windows,AMD Radeon Graphics,14.0,1920 x 1200,6,12,72990
Dell Inspiron 3525 Laptop,Dell,AMD Ryzen 3 3250U,8,256,1000,Windows,AMD Radeon Radeon Graphics,15.6,1920 x 1080,2,4,47990
Lenovo ThinkPad T14  20W0S1HW00 Laptop,Lenovo,11th Gen Core i7,16,512,0,Windows,2 GB NVIDIA MX450,14.0,1920 x 1080,4,8,153970
Lenovo Ideapad Gaming 3 82K201UMIN Laptop,Lenovo,Ryzen 7 5800H,16,512,0,Windows,4 GB NVIDIA GeForce RTX 3050,15.6,1920 x 1080,8,16,79990
Dell Vostro 5625 laptop,Dell,AMD Ryzen 7-5825U,16,512,0,Windows,AMD Radeon,16.0,1920 x 1200,8,16,70990
Fujitsu UH-X FPC01319LK Laptop,Fujitsu,11th Gen Core i5,16,512,0,Windows,Intel Iris Xe Graphics,13.3,1920 x 1080,4,8,82994
Lenovo IdeaPad Gaming 3 82K1019AIN Laptop,Lenovo,11th Gen Core i5,8,256,1000,Windows,4 GB NVIDIA GeForce RTX 3050,15.6,1920 x 1080,4,8,64990
HP Spectre X360 16-f1003TU Laptop,HP,12th Gen Core i7,16,512,0,Windows,Intel Iris X Graphics,16.0,3072 x 1920,14,20,138999
HP Pavilion 14-eh0021TU Laptop,HP,12th Gen Core i5,16,512,0,Windows,Intel Iris Xe Graphics,14.0,2240 x 1400,12,16,74990
HP Victus 15-fa0073TX Laptop,HP,12th Gen Core i7,8,512,0,Windows,4 GB NVIDIA GeForce RTX 3050,15.6,1920 x 1080,10,16,85990
Lenovo IdeaPad Gaming 3 15ACH6 82K201UXIN Laptop,Lenovo,Ryzen 7 5800H,16,512,0,Windows,6 GB NVIDIA GeForce RTX 3060,15.6,1920 x 1080,8,16,109990
Acer Aspire 5 NX.K6SSI.002 Laptop,Acer,12th Gen Core i3,8,512,0,Windows,Intel UHD,15.6,1920 x 1080,6,8,40990
Asus TUF Gaming F15 FX506HC-HN362WS Gaming Laptop,Asus,11th Gen Core i5,16,512,0,Windows,4 GB NVIDIA GeForce RTX 3050,15.6,1920 x 1080,6,12,76990
Dell Vostro 3525 Laptop,Dell,AMD Ryzen7 5825U,8,512,0,Windows,AMD Radeon Radeon Graphics,15.6,1920 x 1080,8,16,57990
Asus TUF Gaming F15 FX506LHB-HN357W Gaming Laptop,Asus,10th Gen Core i5,8,1000,0,Windows,4 GB NVIDIA GeForce GTX GTX-1650,15.6,1920 x 1080,4,8,67461
Asus ROG Zephyrus G14 2022 GA402RK-L8148WS Gaming Laptop,Asus,AMD Ryzen 9 6900HS,32,1000,0,Windows,8 GB AMD Radeon RX 6800S,14.0,2560 x 1600,8,16,199990
Asus ROG Flow X13 GV301RE-LJ199WS Gaming Laptop,Asus,AMD Ryzen 7 6800HS ,32,1000,0,Windows,4 GB NVIDIA GeForce RTX 3050 Ti,13.4,1920 x 1200,8,16,164104
Asus ROG Zephyrus G15 2022 GA503RM-LN143WS Gaming Laptop,Asus,AMD Ryzen 7 6800HS,16,1000,0,Windows,6 GB NVIDIA GeForce RTX 3060,15.6,2560 x 1440,8,16,144990
Asus ROG Zephyrus Duo 16 2022 GX650RXZ-LS228WS Gaming Laptop,Asus, AMD 9 6900HX,32,2000,0,Windows,16 GB NVIDIA GeForce RTX 3080 Ti,16.0,1920 x 1200,8,16,361990
Asus ROG Flow X16 2022 GV601RE-M6012WS Gaming Laptop,Asus,Ryzen 7 6800HS,16,1000,0,Windows,4 GB NVIDIA GeForce RTX 3050 Ti,16.0,2560 x 1600,8,16,151990
Asus ROG Zephyrus Duo 16 2022 GX650RXZ-LO227WS Gaming Laptop,Asus, AMD 9 6900HX,32,2000,0,Windows,16 GB NVIDIA GeForce RTX 3080 Ti,16.0,2560 x 1600,8,16,391990
Asus ROG Zephyrus G15 GA503RW-LN066WS Gaming Laptop,Asus,AMD Ryzen 9 6900HS,16,1000,0,Windows,8 GB NVIDIA GeForce RTX 3070Ti,15.6,2560 x 1440,8,16,188000
HP Pavilion x360 14-ek0092TU Laptop,HP,12th Gen Core i7,16,512,0,Windows,Intel Iris Xe Graphics,14.0,1920 x 1080,10,12,89990
HP Pavilion x360 14-ek0078TU Laptop,HP,12th Gen Core i5,16,512,0,Windows,Intel Iris Xe Graphics,14.0,1920 x 1080,10,12,71990
Asus Vivobook Flip 14 TP3402ZA-LZ511WS Laptop,Asus,12th Gen Core i5,16,512,0,Windows,Intel Integrated Iris Xe Graphics,14.0,1920 x 1200,12,16,76990
HP 15s-fq2672TU Laptop,HP,11th Gen Core i3,8,512,0,Windows,Intel Integrated UHD,15.6,1920 x 1080,2,4,43500
Dell Inspiron 3511 D560803WIN9B Laptop,Dell,11th Gen Core i5,8,256,1000,Windows,Intel Integrated UHD,15.6,1920 x 1080,4,8,62500
Asus VivoBook 14 X415JA-EB521WS Laptop,Asus,10th Gen Core i5,8,512,0,Windows,Intel UHD Graphics,14.0,1920 x 1080,4,8,42990
Lenovo IdeaPad Gaming 3 82K101EEIN Laptop,Lenovo,11th Gen Core i5,8,512,0,Windows,4 GB NVIDIA GeForce RTX 3050,15.6,1920 x 1080,4,8,64990
Lenovo ThinkBook 15 20VEA0YNIH Laptop,Lenovo,11th Gen Core i5,8,512,0,Windows,Intel Integrated Iris Xe,15.6,1920 x 1080,4,8,55990
Lenovo Thinkbook 14 20VDA0KNIH Laptop,Lenovo,11th Gen Core i5,8,512,0,Windows,Intel Integrated Graphics,14.0,1920 x 1080,4,8,71999
Asus VivoBook Ultra X415JA-EB531WS Laptop,Asus,10th Gen Core i5,16,512,0,Windows,Intel Integrated Intel UHD,14.0,1920 x 1080,4,8,47990
Dell Vostro 3420 D552299WIN9BE Laptop,Dell,11th Gen Core i3,8,256,0,Windows,Intel UHD Graphics,14.0,1366 x 768,2,4,42300
Dell XPS 15 9520 Laptop,Dell,12th Gen Core i7 ,16,512,0,Windows,4 GB NVIDIA Geforce RTX 3050 Ti,15.6,3840 x 2160,14,20,255000
Dell Vostro 3420 D552276WIN9BE Laptop,Dell,11th Gen Core i3,8,512,0,Windows,Intel UHD Graphics,14.0,1366 x 768,2,4,43490
HP 15s-fq2673TU Laptop,HP,11th Gen Core i3,8,512,0,Windows,Intel Integrated UHD,15.6,1920 x 1080,2,4,44490
LG Gram 17Z90Q-G.AH75A2 Laptop,LG,12th Gen Core i7,16,512,0,Windows,Intel Iris Xe Graphics,17.0,1600 x 2560,12,16,102990
MSI Stealth 15M B12UE Gaming Laptop,MSI,12th Gen Core i7,16,1000,0,Windows,6 GB NVIDIA GeForce RTX 3060,15.6,1920 x 1080,14,20,139990
LG Gram 14 14Z90Q-G.AH75A2 Laptop,LG,12th Gen Core i7,16,512,0,Windows,Intel Iris Xe Graphics,14.0,1200 x 1920,12,16,93490
Dell G15-5525 Gaming Laptop,Dell,Ryzen 5 6600H,8,512,0,Windows,4 GB NVIDIA GeForce RTX 3050,15.6,1920 x 1080,6,12,81990
Lenovo IdeaPad Slim 3 82RK0085IN Laptop,Lenovo,12th Gen Core i5,16,512,0,Windows,‎Intel Iris Xe Graphics,15.6,1920 x 1080,10,12,61490
MSI Gaming Raider GE66 12UHS-218IN Gaming Laptop,MSI,12th Gen Core i7,32,2000,0,Windows,16 GB NVIDIA GeForce RTX RTX 3080 Ti,17.3,3840 x 2160,14,20,409066
Dell  G15-5525 Laptop,Dell,Ryzen 7 6800H,16,512,0,Windows,4 GB NVIDIA GeForce RTX 3050 Ti,15.6,1920 x 1080,8,16,105990
Dell G15-5525 Gaming Laptop,Dell,Ryzen 5 6600H,16,512,0,Windows,4 GB NVIDIA GeForce RTX 3050,15.6,1920 x 1080,6,12,74990
MSI GP66 Leopard 11UG-693IN Gaming Laptop,MSI,11th Gen Core i7,16,1000,0,Windows,8 GB NVIDIA GeForce RTX 3070,15.6,2560 x 1440,8,16,129990
HP Spectre x360 13-ef0053TU Laptop,HP,12th Gen Core i7,16,512,0,Windows,Intel Iris X Graphics,13.5,3000 x 2000,10,12,124999
MSI Sword 15 A12UD-471IN  Gaming Laptop,MSI,12th Gen Core i5,16,512,0,Windows,4 GB NVIDIA GeForce RTX 3050 Ti,15.6,1920 x 1080,12,16,85990
MSI Katana GF66 12UD-472IN Gaming Laptop,MSI,12th Gen Core i5,16,512,0,Windows,4 GB NVIDIA GeForce RTX 3050 Ti,15.6,1920 x 1080,12,16,76990
Lenovo Thinkpad P15v 21AAS0R500 Laptop,Lenovo,11th Gen Core i9,32,1000,0,Windows,4 GB Nvidia RTX A2000,15.6,1920 x 1080,8,16,259500
Microsoft Surface GO 2 8QF-00046 Laptop,Microsoft,11th Gen Core i5,8,256,0,Windows,Intel Iris Xe Graphics,12.4,1536 x 1024,4,8,77324
HP Victus 16-e1060AX Gaming Laptop,HP,AMD Ryzen 7 6800H,16,512,0,Windows,4 GB NVIDIA GeForce RTX 3050 Ti,16.1,1920 x 1080,8,16,111500
Microsoft Surface GO 2 8QC-00021 Laptop,Microsoft,11th Gen Core i5,8,128,0,Windows,Intel Iris Xe Graphics,12.4,1536 x 1024,4,8,71990
Acer TravelMate TMP214-53 Laptop,Acer,11th Gen Core i5,8,512,0,Windows,Intel Integrated Iris Xe,14.0,1920 x 1080,4,8,51990
Acer Aspire 3 A315-59 Laptop,Acer,12th Gen Core i5,8,512,0,Windows,Intel Iris Xe Graphics,15.6,1920 x 1080,10,12,56699
Dell Inspiron 3525 Laptop,Dell,AMD Ryzen7 5825U,8,512,0,Windows,AMD Radeon Radeon Graphics,15.6,1920 x 1080,8,16,58750
Asus VivoBook 14 2022 X1402ZA-EB512WS Laptop,Asus,12th Gen Core i5,16,512,0,Windows,Intel Integrated Iris Xe,14.0,1920 x 1080,12,16,62990
Asus ROG Flow Z13 2022 GZ301ZE-LD064WS Gaming Laptop,Asus,12th Gen Core i9,16,1000,0,Windows,4 GB NVIDIA GeForce RTX 3050 Ti,13.4,1920 x 1200,14,20,181990
Acer Predator Helios 300 PH315-55 NH.QGPS.003 Gaming Laptop,Acer,12th Gen Core i7,16,1000,0,Windows,6 GB NVIDIA GeForce RTX 3060,15.6,2560 x 1440,14,20,155490
Asus TUF Gaming F15 FX507ZM-HF068WS Laptop,Asus,12th Gen Core i7,16,1000,0,Windows,6 GB NVIDIA GeForce RTX 3060,15.6,1920 x 1080,14,20,118990
Asus ZenBook Pro Duo 15 OLED 2021 UX582HM-H701WS Laptop,Asus,11th Gen Core i7,16,1000,0,Windows,6 GB NVIDIA GeForce RTX 3060,15.6,3840 x 2160,8,16,200000
Asus VivoBook 15 X512DA-BQ303WS Laptop,Asus,Ryzen 3 3250U,8,256,0,Windows,AMD Radeon AMD Radeon,15.6,1920 x 1080,2,4,33990
Dell Vostro 3515 Laptop,Dell,Ryzen 3 3250U,8,256,0,Windows,AMD Radeon Graphics,15.6,1920 x 1080,2,4,38890
Asus TUF Gaming A17 FA777RC-HX027WS Laptop,Asus,Ryzen 7 6800H,16,512,0,Windows,4 GB NVIDIA GeForce RTX 3050,17.3,1920 x 1080,8,16,88990
Lenovo ThinkBook 14 G2 20VDA0QMIH Laptop,Lenovo,11th Gen Core i3,8,512,0,DOS,Intel UHD Graphics,14.0,1920 x 1080,2,4,44799
Asus Vivobook 15 Touch X515EA-EZ311WS Laptop,Asus,11th Gen Core i3,8,512,0,Windows,Intel Integrated UHD Graphics,15.6,1920 x 1080,2,4,39990
MSI Thin GF63 11UC-851IN Gaming Laptop,MSI,11th Gen Core i5,8,512,0,Windows,4 GB NVIDIA Geforce RTX 3050,15.6,1920 x 1080,6,12,63800
Lenovo IdeaPad Gaming 3 15IHU6 82K101A3IN Laptop,Lenovo,11th Gen Core i5,16,512,0,Windows,4 GB NVIDIA GeForce RTX 3050 Graphics,15.6,1920 x 1080,4,8,68990
HP Victus 16-d0354TX Laptop,HP,11th Gen Core i5,8,512,0,Windows,4 GB NVIDIA GeForce RTX 3050,16.1,1920 x 1080,6,12,67990
Acer Predator Helios 300 NH.QC2SI.00B Laptop,Acer,11th Gen Core i9,16,1000,0,Windows,6 GB NVIDIA GeForce RTX 3060,15.6,2560 x 1440,8,16,119990
Dell Inspiron 7425 Laptop,Dell,AMD Ryzen 7 5825U,16,512,0,Windows,AMD Radeon,14.0,1920 x 1200,8,16,89990
Asus ROG Strix G17 G713RM-LL167WS Gaming Laptop,Asus,AMD Ryzen 7 6800H,16,1000,0,Windows,6 GB NVIDIA GeForce RTX 3060,17.3,2560 x 1440,8,16,134990
Samsung Galaxy Book2 15 Laptop,Samsung,12th Gen Core i5,8,256,0,Windows,Intel Iris Xe Graphics,15.6,1920 x 1080,10,12,59990
HP Envy x360 13-ay1059AU Laptop,HP,Ryzen 5 5600U,8,512,0,Windows,AMD Raedon Graphics,13.3,1920 x 1080,6,12,77990
HP Pavilion Gaming 15-DK1520TX Laptop,HP,10th Gen Core i5,8,512,0,Windows,4 GB NVIDIA GeForce GTX 1650,15.6,1920 x 1080,4,8,60990
Lenovo IdeaPad Gaming 3 82K10199IN Laptop,Lenovo,11th Gen Core i5,8,512,0,Windows,4 GB NVIDIA GeForce RTX 3050,15.6,1920 x 1080,4,8,67000
HP Pavilion 14-dv2019TU Laptop,HP,12th Gen Core i5,8,512,0,Windows,Intel Integrated Intel Iris Xe Graphics,14.0,1920 x 1080,10,12,62999
Asus Strix G15 G513RM-HF272WS Gaming Laptop,Asus,Ryzen 7 6800H,16,1000,0,Windows,6 GB NVIDIA GeForce RTX 3060,15.6,1920 x 1080,8,16,129990
Dell Inspiron 5518 Laptop,Dell,11th Gen Core i5,8,512,0,Windows,2 GB NVIDIA GeForce MX450,15.6,1920 x 1080,4,8,65490
Lenovo IdeaPad 3 15IGL05 81WQ00MQIN Laptop,Lenovo,Celeron N4020,8,256,0,Windows,Intel Integrated UHD 600,15.6,1366 x 768,2,2,27000
Lenovo IdeaPad 3 15ITL05 81X800K9IN Laptop,Lenovo,11th Gen Core i5,8,512,0,Windows,Intel Iris Xe Graphics,15.6,1920 x 1080,4,8,60494
Asus Zenbook 14X OLED Space Edition UX5401ZAS-KN711WS Laptop,Asus,12th Gen Core i7,16,1000,0,Windows,Intel Iris Xe,14.0,2880 x 1800,14,20,116990
Asus Vivobook 14 OLED UX3402ZA-KM531WS Laptop,Asus,12th Gen Core i5,16,512,0,Windows,Intel Iris Xe,14.0,2880 x 1800,12,16,85990
Lenovo IdeaPad Slim 3 81X800J1IN Laptop,Lenovo,11th Gen Core i5,8,512,0,Windows,Intel Integrated,15.6,1920 x 1080,4,8,53100
Fujitsu CH 4ZR1H03553 Laptop,Fujitsu,11th Gen Core i5,16,512,0,Windows,Intel Iris Xe Graphics,13.3,1920 x 1080,4,8,54990
Lenovo Thinkpad P15v 21AAS0R100 Laptop,Lenovo,11th Gen Core i7,16,1000,0,Windows,4 GB Nvidia Quadro T600,15.6,1920 x 1080,8,16,146500
Fujitsu UH-X 4ZR1F38027 Laptop,Fujitsu,11th Gen Core i7,16,1000,0,Windows,Intel Iris Xe Graphics,13.3,1920 x 1080,4,8,99990
Lenovo IdeaPad Slim 3 81WE01QLIN Laptop,Lenovo,10th Gen Core i3,8,512,0,Windows,Intel UHD Graphics,14.0,1920 x 1080,2,4,37490
Asus K413EA-EB522WS Laptop,Asus,11th Gen Core i5,16,512,0,Windows,Intel Integrated Iris Xe,14.0,1920 x 1080,4,8,56990
Asus Vivobook Pro 14 OLED 2021 M3401QC-KM045WS Laptop,Asus,Ryzen 7-5800H,16,512,0,Windows,4 GB NVIDIA GeForce RTX RTX 3050,14.0,2880 x 1800,8,16,87500
Asus VivoBook 14 X415JA-EB501WS Laptop,Asus,10th Gen Core i5,8,0,1000,Windows,Intel UHD Graphics,14.0,1920 x 1080,4,8,41990
HP Pavilion 14-EC1008AU Laptop,HP,Ryzen 7 5825U,16,512,0,Windows,AMD Radeon AMD,14.0,1920 x 1080,8,16,78889
Asus Strix G15 G513RM-HQ273WS Gaming Laptop,Asus,Ryzen 7 6800H,16,1000,0,Windows,6 GB NVIDIA GeForce RTX 3060,15.6,1920 x 1080,8,16,134490
Lenovo Yoga 6 13ALC6 82ND00DPIN Laptop,Lenovo,Ryzen 7 5700U,16,1000,0,Windows,AMD Radeon AMD,13.3,1920 x 1080,8,16,92999
